/*
 Navicat MySQL Data Transfer

 Source Server         : 192.168.3.7
 Source Server Type    : MySQL
 Source Server Version : 80013
 Source Host           : 192.168.3.7:3306
 Source Schema         : ApolloPortalDB

 Target Server Type    : MySQL
 Target Server Version : 80013
 File Encoding         : 65001

 Date: 13/11/2018 00:23:31
*/

SET NAMES utf8mb4;
SET FOREIGN_KEY_CHECKS = 0;

-- ----------------------------
-- Table structure for App
-- ----------------------------
DROP TABLE IF EXISTS `App`;
CREATE TABLE `App` (
  `Id` int(10) unsigned NOT NULL AUTO_INCREMENT COMMENT '主键',
  `AppId` varchar(500) NOT NULL DEFAULT 'default' COMMENT 'AppID',
  `Name` varchar(500) NOT NULL DEFAULT 'default' COMMENT '应用名',
  `OrgId` varchar(32) NOT NULL DEFAULT 'default' COMMENT '部门Id',
  `OrgName` varchar(64) NOT NULL DEFAULT 'default' COMMENT '部门名字',
  `OwnerName` varchar(500) NOT NULL DEFAULT 'default' COMMENT 'ownerName',
  `OwnerEmail` varchar(500) NOT NULL DEFAULT 'default' COMMENT 'ownerEmail',
  `IsDeleted` bit(1) NOT NULL DEFAULT b'0' COMMENT '1: deleted, 0: normal',
  `DataChange_CreatedBy` varchar(32) NOT NULL DEFAULT 'default' COMMENT '创建人邮箱前缀',
  `DataChange_CreatedTime` timestamp NOT NULL DEFAULT CURRENT_TIMESTAMP COMMENT '创建时间',
  `DataChange_LastModifiedBy` varchar(32) DEFAULT '' COMMENT '最后修改人邮箱前缀',
  `DataChange_LastTime` timestamp NULL DEFAULT CURRENT_TIMESTAMP ON UPDATE CURRENT_TIMESTAMP COMMENT '最后修改时间',
  PRIMARY KEY (`Id`),
  KEY `AppId` (`AppId`(191)),
  KEY `DataChange_LastTime` (`DataChange_LastTime`),
  KEY `IX_Name` (`Name`(191))
) ENGINE=InnoDB AUTO_INCREMENT=2 DEFAULT CHARSET=utf8mb4 COLLATE=utf8mb4_0900_ai_ci COMMENT='应用表';

-- ----------------------------
-- Records of App
-- ----------------------------
BEGIN;
INSERT INTO `App` VALUES (1, 'jpsite_apollo_001', 'jpsite-server', 'TEST1', '样例部门1', 'apollo', 'apollo@acme.com', b'0', 'apollo', '2018-11-11 16:35:31', 'apollo', '2018-11-11 16:35:31');
COMMIT;

-- ----------------------------
-- Table structure for AppNamespace
-- ----------------------------
DROP TABLE IF EXISTS `AppNamespace`;
CREATE TABLE `AppNamespace` (
  `Id` int(10) unsigned NOT NULL AUTO_INCREMENT COMMENT '自增主键',
  `Name` varchar(32) NOT NULL DEFAULT '' COMMENT 'namespace名字，注意，需要全局唯一',
  `AppId` varchar(32) NOT NULL DEFAULT '' COMMENT 'app id',
  `Format` varchar(32) NOT NULL DEFAULT 'properties' COMMENT 'namespace的format类型',
  `IsPublic` bit(1) NOT NULL DEFAULT b'0' COMMENT 'namespace是否为公共',
  `Comment` varchar(64) NOT NULL DEFAULT '' COMMENT '注释',
  `IsDeleted` bit(1) NOT NULL DEFAULT b'0' COMMENT '1: deleted, 0: normal',
  `DataChange_CreatedBy` varchar(32) NOT NULL DEFAULT '' COMMENT '创建人邮箱前缀',
  `DataChange_CreatedTime` timestamp NOT NULL DEFAULT CURRENT_TIMESTAMP COMMENT '创建时间',
  `DataChange_LastModifiedBy` varchar(32) DEFAULT '' COMMENT '最后修改人邮箱前缀',
  `DataChange_LastTime` timestamp NULL DEFAULT CURRENT_TIMESTAMP ON UPDATE CURRENT_TIMESTAMP COMMENT '最后修改时间',
  PRIMARY KEY (`Id`),
  KEY `IX_AppId` (`AppId`),
  KEY `Name_AppId` (`Name`,`AppId`),
  KEY `DataChange_LastTime` (`DataChange_LastTime`)
) ENGINE=InnoDB AUTO_INCREMENT=2 DEFAULT CHARSET=utf8mb4 COLLATE=utf8mb4_0900_ai_ci COMMENT='应用namespace定义';

-- ----------------------------
-- Records of AppNamespace
-- ----------------------------
BEGIN;
INSERT INTO `AppNamespace` VALUES (1, 'application', 'jpsite_apollo_001', 'properties', b'0', 'default app namespace', b'0', 'apollo', '2018-11-11 16:35:31', 'apollo', '2018-11-11 16:35:31');
COMMIT;

-- ----------------------------
-- Table structure for Authorities
-- ----------------------------
DROP TABLE IF EXISTS `Authorities`;
CREATE TABLE `Authorities` (
  `Id` int(11) unsigned NOT NULL AUTO_INCREMENT COMMENT '自增Id',
  `Username` varchar(64) NOT NULL,
  `Authority` varchar(50) NOT NULL,
  PRIMARY KEY (`Id`)
) ENGINE=InnoDB AUTO_INCREMENT=2 DEFAULT CHARSET=utf8mb4 COLLATE=utf8mb4_0900_ai_ci;

-- ----------------------------
-- Records of Authorities
-- ----------------------------
BEGIN;
INSERT INTO `Authorities` VALUES (1, 'apollo', 'ROLE_user');
COMMIT;

-- ----------------------------
-- Table structure for Consumer
-- ----------------------------
DROP TABLE IF EXISTS `Consumer`;
CREATE TABLE `Consumer` (
  `Id` int(11) unsigned NOT NULL AUTO_INCREMENT COMMENT '自增Id',
  `AppId` varchar(500) NOT NULL DEFAULT 'default' COMMENT 'AppID',
  `Name` varchar(500) NOT NULL DEFAULT 'default' COMMENT '应用名',
  `OrgId` varchar(32) NOT NULL DEFAULT 'default' COMMENT '部门Id',
  `OrgName` varchar(64) NOT NULL DEFAULT 'default' COMMENT '部门名字',
  `OwnerName` varchar(500) NOT NULL DEFAULT 'default' COMMENT 'ownerName',
  `OwnerEmail` varchar(500) NOT NULL DEFAULT 'default' COMMENT 'ownerEmail',
  `IsDeleted` bit(1) NOT NULL DEFAULT b'0' COMMENT '1: deleted, 0: normal',
  `DataChange_CreatedBy` varchar(32) NOT NULL DEFAULT 'default' COMMENT '创建人邮箱前缀',
  `DataChange_CreatedTime` timestamp NOT NULL DEFAULT CURRENT_TIMESTAMP COMMENT '创建时间',
  `DataChange_LastModifiedBy` varchar(32) DEFAULT '' COMMENT '最后修改人邮箱前缀',
  `DataChange_LastTime` timestamp NULL DEFAULT CURRENT_TIMESTAMP ON UPDATE CURRENT_TIMESTAMP COMMENT '最后修改时间',
  PRIMARY KEY (`Id`),
  KEY `AppId` (`AppId`(191)),
  KEY `DataChange_LastTime` (`DataChange_LastTime`)
) ENGINE=InnoDB DEFAULT CHARSET=utf8mb4 COLLATE=utf8mb4_0900_ai_ci COMMENT='开放API消费者';

-- ----------------------------
-- Table structure for ConsumerAudit
-- ----------------------------
DROP TABLE IF EXISTS `ConsumerAudit`;
CREATE TABLE `ConsumerAudit` (
  `Id` int(11) unsigned NOT NULL AUTO_INCREMENT COMMENT '自增Id',
  `ConsumerId` int(11) unsigned DEFAULT NULL COMMENT 'Consumer Id',
  `Uri` varchar(1024) NOT NULL DEFAULT '' COMMENT '访问的Uri',
  `Method` varchar(16) NOT NULL DEFAULT '' COMMENT '访问的Method',
  `DataChange_CreatedTime` timestamp NOT NULL DEFAULT CURRENT_TIMESTAMP COMMENT '创建时间',
  `DataChange_LastTime` timestamp NULL DEFAULT CURRENT_TIMESTAMP ON UPDATE CURRENT_TIMESTAMP COMMENT '最后修改时间',
  PRIMARY KEY (`Id`),
  KEY `IX_DataChange_LastTime` (`DataChange_LastTime`),
  KEY `IX_ConsumerId` (`ConsumerId`)
) ENGINE=InnoDB DEFAULT CHARSET=utf8mb4 COLLATE=utf8mb4_0900_ai_ci COMMENT='consumer审计表';

-- ----------------------------
-- Table structure for ConsumerRole
-- ----------------------------
DROP TABLE IF EXISTS `ConsumerRole`;
CREATE TABLE `ConsumerRole` (
  `Id` int(11) unsigned NOT NULL AUTO_INCREMENT COMMENT '自增Id',
  `ConsumerId` int(11) unsigned DEFAULT NULL COMMENT 'Consumer Id',
  `RoleId` int(10) unsigned DEFAULT NULL COMMENT 'Role Id',
  `IsDeleted` bit(1) NOT NULL DEFAULT b'0' COMMENT '1: deleted, 0: normal',
  `DataChange_CreatedBy` varchar(32) DEFAULT '' COMMENT '创建人邮箱前缀',
  `DataChange_CreatedTime` timestamp NOT NULL DEFAULT CURRENT_TIMESTAMP COMMENT '创建时间',
  `DataChange_LastModifiedBy` varchar(32) DEFAULT '' COMMENT '最后修改人邮箱前缀',
  `DataChange_LastTime` timestamp NULL DEFAULT CURRENT_TIMESTAMP ON UPDATE CURRENT_TIMESTAMP COMMENT '最后修改时间',
  PRIMARY KEY (`Id`),
  KEY `IX_DataChange_LastTime` (`DataChange_LastTime`),
  KEY `IX_RoleId` (`RoleId`),
  KEY `IX_ConsumerId_RoleId` (`ConsumerId`,`RoleId`)
) ENGINE=InnoDB DEFAULT CHARSET=utf8mb4 COLLATE=utf8mb4_0900_ai_ci COMMENT='consumer和role的绑定表';

-- ----------------------------
-- Table structure for ConsumerToken
-- ----------------------------
DROP TABLE IF EXISTS `ConsumerToken`;
CREATE TABLE `ConsumerToken` (
  `Id` int(11) unsigned NOT NULL AUTO_INCREMENT COMMENT '自增Id',
  `ConsumerId` int(11) unsigned DEFAULT NULL COMMENT 'ConsumerId',
  `Token` varchar(128) NOT NULL DEFAULT '' COMMENT 'token',
  `Expires` datetime NOT NULL DEFAULT '2099-01-01 00:00:00' COMMENT 'token失效时间',
  `IsDeleted` bit(1) NOT NULL DEFAULT b'0' COMMENT '1: deleted, 0: normal',
  `DataChange_CreatedBy` varchar(32) NOT NULL DEFAULT 'default' COMMENT '创建人邮箱前缀',
  `DataChange_CreatedTime` timestamp NOT NULL DEFAULT CURRENT_TIMESTAMP COMMENT '创建时间',
  `DataChange_LastModifiedBy` varchar(32) DEFAULT '' COMMENT '最后修改人邮箱前缀',
  `DataChange_LastTime` timestamp NULL DEFAULT CURRENT_TIMESTAMP ON UPDATE CURRENT_TIMESTAMP COMMENT '最后修改时间',
  PRIMARY KEY (`Id`),
  UNIQUE KEY `IX_Token` (`Token`),
  KEY `DataChange_LastTime` (`DataChange_LastTime`)
) ENGINE=InnoDB DEFAULT CHARSET=utf8mb4 COLLATE=utf8mb4_0900_ai_ci COMMENT='consumer token表';

-- ----------------------------
-- Table structure for Favorite
-- ----------------------------
DROP TABLE IF EXISTS `Favorite`;
CREATE TABLE `Favorite` (
  `Id` int(10) unsigned NOT NULL AUTO_INCREMENT COMMENT '主键',
  `UserId` varchar(32) NOT NULL DEFAULT 'default' COMMENT '收藏的用户',
  `AppId` varchar(500) NOT NULL DEFAULT 'default' COMMENT 'AppID',
  `Position` int(32) NOT NULL DEFAULT '10000' COMMENT '收藏顺序',
  `IsDeleted` bit(1) NOT NULL DEFAULT b'0' COMMENT '1: deleted, 0: normal',
  `DataChange_CreatedBy` varchar(32) NOT NULL DEFAULT 'default' COMMENT '创建人邮箱前缀',
  `DataChange_CreatedTime` timestamp NOT NULL DEFAULT CURRENT_TIMESTAMP COMMENT '创建时间',
  `DataChange_LastModifiedBy` varchar(32) DEFAULT '' COMMENT '最后修改人邮箱前缀',
  `DataChange_LastTime` timestamp NULL DEFAULT CURRENT_TIMESTAMP ON UPDATE CURRENT_TIMESTAMP COMMENT '最后修改时间',
  PRIMARY KEY (`Id`),
  KEY `AppId` (`AppId`(191)),
  KEY `IX_UserId` (`UserId`),
  KEY `DataChange_LastTime` (`DataChange_LastTime`)
) ENGINE=InnoDB AUTO_INCREMENT=23 DEFAULT CHARSET=utf8mb4 COLLATE=utf8mb4_0900_ai_ci COMMENT='应用收藏表';

-- ----------------------------
-- Table structure for Permission
-- ----------------------------
DROP TABLE IF EXISTS `Permission`;
CREATE TABLE `Permission` (
  `Id` int(11) unsigned NOT NULL AUTO_INCREMENT COMMENT '自增Id',
  `PermissionType` varchar(32) NOT NULL DEFAULT '' COMMENT '权限类型',
  `TargetId` varchar(256) NOT NULL DEFAULT '' COMMENT '权限对象类型',
  `IsDeleted` bit(1) NOT NULL DEFAULT b'0' COMMENT '1: deleted, 0: normal',
  `DataChange_CreatedBy` varchar(32) NOT NULL DEFAULT '' COMMENT '创建人邮箱前缀',
  `DataChange_CreatedTime` timestamp NOT NULL DEFAULT CURRENT_TIMESTAMP COMMENT '创建时间',
  `DataChange_LastModifiedBy` varchar(32) DEFAULT '' COMMENT '最后修改人邮箱前缀',
  `DataChange_LastTime` timestamp NULL DEFAULT CURRENT_TIMESTAMP ON UPDATE CURRENT_TIMESTAMP COMMENT '最后修改时间',
  PRIMARY KEY (`Id`),
  KEY `IX_TargetId_PermissionType` (`TargetId`(191),`PermissionType`),
  KEY `IX_DataChange_LastTime` (`DataChange_LastTime`)
) ENGINE=InnoDB AUTO_INCREMENT=8 DEFAULT CHARSET=utf8mb4 COLLATE=utf8mb4_0900_ai_ci COMMENT='permission表';

-- ----------------------------
-- Records of Permission
-- ----------------------------
BEGIN;
INSERT INTO `Permission` VALUES (1, 'CreateCluster', 'jpsite_apollo_001', b'0', 'apollo', '2018-11-11 16:35:32', 'apollo', '2018-11-11 16:35:32');
INSERT INTO `Permission` VALUES (2, 'CreateNamespace', 'jpsite_apollo_001', b'0', 'apollo', '2018-11-11 16:35:32', 'apollo', '2018-11-11 16:35:32');
INSERT INTO `Permission` VALUES (3, 'AssignRole', 'jpsite_apollo_001', b'0', 'apollo', '2018-11-11 16:35:32', 'apollo', '2018-11-11 16:35:32');
INSERT INTO `Permission` VALUES (4, 'ModifyNamespace', 'jpsite_apollo_001+application', b'0', 'apollo', '2018-11-11 16:35:32', 'apollo', '2018-11-11 16:35:32');
INSERT INTO `Permission` VALUES (5, 'ReleaseNamespace', 'jpsite_apollo_001+application', b'0', 'apollo', '2018-11-11 16:35:32', 'apollo', '2018-11-11 16:35:32');
INSERT INTO `Permission` VALUES (6, 'ModifyNamespace', 'jpsite_apollo_001+application+DEV', b'0', 'apollo', '2018-11-11 16:35:32', 'apollo', '2018-11-11 16:35:32');
INSERT INTO `Permission` VALUES (7, 'ReleaseNamespace', 'jpsite_apollo_001+application+DEV', b'0', 'apollo', '2018-11-11 16:35:32', 'apollo', '2018-11-11 16:35:32');
COMMIT;

-- ----------------------------
-- Table structure for Role
-- ----------------------------
DROP TABLE IF EXISTS `Role`;
CREATE TABLE `Role` (
  `Id` int(11) unsigned NOT NULL AUTO_INCREMENT COMMENT '自增Id',
  `RoleName` varchar(256) NOT NULL DEFAULT '' COMMENT 'Role name',
  `IsDeleted` bit(1) NOT NULL DEFAULT b'0' COMMENT '1: deleted, 0: normal',
  `DataChange_CreatedBy` varchar(32) NOT NULL DEFAULT 'default' COMMENT '创建人邮箱前缀',
  `DataChange_CreatedTime` timestamp NOT NULL DEFAULT CURRENT_TIMESTAMP COMMENT '创建时间',
  `DataChange_LastModifiedBy` varchar(32) DEFAULT '' COMMENT '最后修改人邮箱前缀',
  `DataChange_LastTime` timestamp NULL DEFAULT CURRENT_TIMESTAMP ON UPDATE CURRENT_TIMESTAMP COMMENT '最后修改时间',
  PRIMARY KEY (`Id`),
  KEY `IX_RoleName` (`RoleName`(191)),
  KEY `IX_DataChange_LastTime` (`DataChange_LastTime`)
) ENGINE=InnoDB AUTO_INCREMENT=6 DEFAULT CHARSET=utf8mb4 COLLATE=utf8mb4_0900_ai_ci COMMENT='角色表';

-- ----------------------------
-- Records of Role
-- ----------------------------
BEGIN;
INSERT INTO `Role` VALUES (1, 'Master+jpsite_apollo_001', b'0', 'apollo', '2018-11-11 16:35:32', 'apollo', '2018-11-11 16:35:32');
INSERT INTO `Role` VALUES (2, 'ModifyNamespace+jpsite_apollo_001+application', b'0', 'apollo', '2018-11-11 16:35:32', 'apollo', '2018-11-11 16:35:32');
INSERT INTO `Role` VALUES (3, 'ReleaseNamespace+jpsite_apollo_001+application', b'0', 'apollo', '2018-11-11 16:35:32', 'apollo', '2018-11-11 16:35:32');
INSERT INTO `Role` VALUES (4, 'ModifyNamespace+jpsite_apollo_001+application+DEV', b'0', 'apollo', '2018-11-11 16:35:32', 'apollo', '2018-11-11 16:35:32');
INSERT INTO `Role` VALUES (5, 'ReleaseNamespace+jpsite_apollo_001+application+DEV', b'0', 'apollo', '2018-11-11 16:35:32', 'apollo', '2018-11-11 16:35:32');
COMMIT;

-- ----------------------------
-- Table structure for RolePermission
-- ----------------------------
DROP TABLE IF EXISTS `RolePermission`;
CREATE TABLE `RolePermission` (
  `Id` int(11) unsigned NOT NULL AUTO_INCREMENT COMMENT '自增Id',
  `RoleId` int(10) unsigned DEFAULT NULL COMMENT 'Role Id',
  `PermissionId` int(10) unsigned DEFAULT NULL COMMENT 'Permission Id',
  `IsDeleted` bit(1) NOT NULL DEFAULT b'0' COMMENT '1: deleted, 0: normal',
  `DataChange_CreatedBy` varchar(32) DEFAULT '' COMMENT '创建人邮箱前缀',
  `DataChange_CreatedTime` timestamp NOT NULL DEFAULT CURRENT_TIMESTAMP COMMENT '创建时间',
  `DataChange_LastModifiedBy` varchar(32) DEFAULT '' COMMENT '最后修改人邮箱前缀',
  `DataChange_LastTime` timestamp NULL DEFAULT CURRENT_TIMESTAMP ON UPDATE CURRENT_TIMESTAMP COMMENT '最后修改时间',
  PRIMARY KEY (`Id`),
  KEY `IX_DataChange_LastTime` (`DataChange_LastTime`),
  KEY `IX_RoleId` (`RoleId`),
  KEY `IX_PermissionId` (`PermissionId`)
) ENGINE=InnoDB AUTO_INCREMENT=8 DEFAULT CHARSET=utf8mb4 COLLATE=utf8mb4_0900_ai_ci COMMENT='角色和权限的绑定表';

-- ----------------------------
-- Records of RolePermission
-- ----------------------------
BEGIN;
INSERT INTO `RolePermission` VALUES (1, 1, 1, b'0', 'apollo', '2018-11-11 16:35:32', 'apollo', '2018-11-11 16:35:32');
INSERT INTO `RolePermission` VALUES (2, 1, 2, b'0', 'apollo', '2018-11-11 16:35:32', 'apollo', '2018-11-11 16:35:32');
INSERT INTO `RolePermission` VALUES (3, 1, 3, b'0', 'apollo', '2018-11-11 16:35:32', 'apollo', '2018-11-11 16:35:32');
INSERT INTO `RolePermission` VALUES (4, 2, 4, b'0', 'apollo', '2018-11-11 16:35:32', 'apollo', '2018-11-11 16:35:32');
INSERT INTO `RolePermission` VALUES (5, 3, 5, b'0', 'apollo', '2018-11-11 16:35:32', 'apollo', '2018-11-11 16:35:32');
INSERT INTO `RolePermission` VALUES (6, 4, 6, b'0', 'apollo', '2018-11-11 16:35:32', 'apollo', '2018-11-11 16:35:32');
INSERT INTO `RolePermission` VALUES (7, 5, 7, b'0', 'apollo', '2018-11-11 16:35:32', 'apollo', '2018-11-11 16:35:32');
COMMIT;

-- ----------------------------
-- Table structure for ServerConfig
-- ----------------------------
DROP TABLE IF EXISTS `ServerConfig`;
CREATE TABLE `ServerConfig` (
  `Id` int(10) unsigned NOT NULL AUTO_INCREMENT COMMENT '自增Id',
  `Key` varchar(64) NOT NULL DEFAULT 'default' COMMENT '配置项Key',
  `Value` varchar(2048) NOT NULL DEFAULT 'default' COMMENT '配置项值',
  `Comment` varchar(1024) DEFAULT '' COMMENT '注释',
  `IsDeleted` bit(1) NOT NULL DEFAULT b'0' COMMENT '1: deleted, 0: normal',
  `DataChange_CreatedBy` varchar(32) NOT NULL DEFAULT 'default' COMMENT '创建人邮箱前缀',
  `DataChange_CreatedTime` timestamp NOT NULL DEFAULT CURRENT_TIMESTAMP COMMENT '创建时间',
  `DataChange_LastModifiedBy` varchar(32) DEFAULT '' COMMENT '最后修改人邮箱前缀',
  `DataChange_LastTime` timestamp NULL DEFAULT CURRENT_TIMESTAMP ON UPDATE CURRENT_TIMESTAMP COMMENT '最后修改时间',
  PRIMARY KEY (`Id`),
  KEY `IX_Key` (`Key`),
  KEY `DataChange_LastTime` (`DataChange_LastTime`)
) ENGINE=InnoDB AUTO_INCREMENT=8 DEFAULT CHARSET=utf8mb4 COLLATE=utf8mb4_0900_ai_ci COMMENT='配置服务自身配置';

-- ----------------------------
-- Records of ServerConfig
-- ----------------------------
BEGIN;
INSERT INTO `ServerConfig` VALUES (1, 'apollo.portal.envs', 'dev', '可支持的环境列表', b'0', 'default', '2018-11-11 07:14:25', '', '2018-11-11 07:14:25');
INSERT INTO `ServerConfig` VALUES (2, 'organizations', '[{\"orgId\":\"TEST1\",\"orgName\":\"样例部门1\"},{\"orgId\":\"TEST2\",\"orgName\":\"样例部门2\"}]', '部门列表', b'0', 'default', '2018-11-11 07:14:25', '', '2018-11-11 07:14:25');
INSERT INTO `ServerConfig` VALUES (3, 'superAdmin', 'apollo', 'Portal超级管理员', b'0', 'default', '2018-11-11 07:14:25', '', '2018-11-11 07:14:25');
INSERT INTO `ServerConfig` VALUES (4, 'api.readTimeout', '10000', 'http接口read timeout', b'0', 'default', '2018-11-11 07:14:25', '', '2018-11-11 07:14:25');
INSERT INTO `ServerConfig` VALUES (5, 'consumer.token.salt', 'someSalt', 'consumer token salt', b'0', 'default', '2018-11-11 07:14:25', '', '2018-11-11 07:14:25');
INSERT INTO `ServerConfig` VALUES (6, 'admin.createPrivateNamespace.switch', 'true', '是否允许项目管理员创建私有namespace', b'0', 'default', '2018-11-11 07:14:25', '', '2018-11-11 07:14:25');
INSERT INTO `ServerConfig` VALUES (7, 'configView.memberOnly.envs', 'pro', '只对项目成员显示配置信息的环境列表，多个env以英文逗号分隔', b'0', 'default', '2018-11-11 07:14:25', '', '2018-11-11 07:14:25');
COMMIT;

-- ----------------------------
-- Table structure for UserRole
-- ----------------------------
DROP TABLE IF EXISTS `UserRole`;
CREATE TABLE `UserRole` (
  `Id` int(11) unsigned NOT NULL AUTO_INCREMENT COMMENT '自增Id',
  `UserId` varchar(128) DEFAULT '' COMMENT '用户身份标识',
  `RoleId` int(10) unsigned DEFAULT NULL COMMENT 'Role Id',
  `IsDeleted` bit(1) NOT NULL DEFAULT b'0' COMMENT '1: deleted, 0: normal',
  `DataChange_CreatedBy` varchar(32) DEFAULT '' COMMENT '创建人邮箱前缀',
  `DataChange_CreatedTime` timestamp NOT NULL DEFAULT CURRENT_TIMESTAMP COMMENT '创建时间',
  `DataChange_LastModifiedBy` varchar(32) DEFAULT '' COMMENT '最后修改人邮箱前缀',
  `DataChange_LastTime` timestamp NULL DEFAULT CURRENT_TIMESTAMP ON UPDATE CURRENT_TIMESTAMP COMMENT '最后修改时间',
  PRIMARY KEY (`Id`),
  KEY `IX_DataChange_LastTime` (`DataChange_LastTime`),
  KEY `IX_RoleId` (`RoleId`),
  KEY `IX_UserId_RoleId` (`UserId`,`RoleId`)
) ENGINE=InnoDB AUTO_INCREMENT=4 DEFAULT CHARSET=utf8mb4 COLLATE=utf8mb4_0900_ai_ci COMMENT='用户和role的绑定表';

-- ----------------------------
-- Records of UserRole
-- ----------------------------
BEGIN;
INSERT INTO `UserRole` VALUES (1, 'apollo', 1, b'0', 'apollo', '2018-11-11 16:35:32', 'apollo', '2018-11-11 16:35:32');
INSERT INTO `UserRole` VALUES (2, 'apollo', 2, b'0', 'apollo', '2018-11-11 16:35:32', 'apollo', '2018-11-11 16:35:32');
INSERT INTO `UserRole` VALUES (3, 'apollo', 3, b'0', 'apollo', '2018-11-11 16:35:32', 'apollo', '2018-11-11 16:35:32');
COMMIT;

-- ----------------------------
-- Table structure for Users
-- ----------------------------
DROP TABLE IF EXISTS `Users`;
CREATE TABLE `Users` (
  `Id` int(10) unsigned NOT NULL AUTO_INCREMENT COMMENT '自增Id',
  `Username` varchar(64) NOT NULL DEFAULT 'default' COMMENT '用户名',
  `Password` varchar(64) NOT NULL DEFAULT 'default' COMMENT '密码',
  `Email` varchar(64) NOT NULL DEFAULT 'default' COMMENT '邮箱地址',
  `Enabled` tinyint(4) DEFAULT NULL COMMENT '是否有效',
  PRIMARY KEY (`Id`)
) ENGINE=InnoDB AUTO_INCREMENT=2 DEFAULT CHARSET=utf8mb4 COLLATE=utf8mb4_0900_ai_ci COMMENT='用户表';

-- ----------------------------
-- Records of Users
-- ----------------------------
BEGIN;
INSERT INTO `Users` VALUES (1, 'apollo', '$2a$10$7r20uS.BQ9uBpf3Baj3uQOZvMVvB1RN3PYoKE94gtz2.WAOuiiwXS', 'apollo@acme.com', 1);
COMMIT;

SET FOREIGN_KEY_CHECKS = 1;
